Question,GPT answer
"Question 1. Please tell me the names of catalysts in the contents within the <table> tags of input representation into a Python list. Give me the names of catalysts ONLY. Only output the Python list(like string).

",['Co-OBA/C']
"Question 2. Please tell me the names of catalysts from the input json provided by me into a Python list. Only output the Python list(like string).

",['Co-OBA/C']
"Question 1. Inform me about what performance type does """"""Co-OBA/C"""""" have in the input json I provided? Only output the Python list.(like string)

","['overpotential', 'tafel_slope']"
"Question 1. Provide detailed information about all sublayers of the """"""overpotential"""""" of """"""Co-OBA/C"""""" in input json. Remove keys from the dictionary that do not have a value. Present it in either Python list or JSON format. If the """"""overpotential"""""" is not 'loading', strictly provide it in Python list or JSON format.(like string not ```python and not ```json)

","[
    {
        ""electrolyte"": ""0.1 M KOH"",
        ""reaction_type"": ""OER"",
        ""value"": ""590 mV"",
        ""condition"": ""10 mA cm–2""
    }
]"
"Question 2. If there is any occurrence of 'NA', 'na', 'unknown', or similar content in your recent response, Respond with yes or no. You must answer strictly with yes or no.

",No
"Question 3. Based on the answer to question 2, remove any parts corresponding to 'NA', 'na', 'unknown', or similar content from the answer to question 1. Show the modified JSON. Only display the JSON. (like string not ```json)","[
    {
        ""electrolyte"": ""0.1 M KOH"",
        ""reaction_type"": ""OER"",
        ""value"": ""590 mV"",
        ""condition"": ""10 mA cm–2""
    }
]"
SKIP THE NEXT QUESTIONS,SKIP THE NEXT QUESTIONS
"Question 4. Based on the input representation, provide values of the """"""overpotential"""""" of the """"""Co-OBA/C"""""" as a Python list. If there is a unit, please provide strictly the value including the unit. The elements of a Python list must be composed of value plus unit. Only output the Python list.(like string not ```python)

",['590 mV']
"Question 5. Based on the answer to question 3, provide values of the '''value''' key of the sublayers of the """"""overpotential"""""" as a Python list. Only output the Python list.(like string not ```python)

",['590 mV']
"Question 6. Based on only numerical values, provide a list of elements that exist in the answer to Question 5 but are not present in the the answer to Question 4. Note that unit differences can be ignored if the numbers match. Only output the Python list.(like string not ```python)

",[]
"Question 7. If the answer to question 6 is an empty list, just provide the answer to question 1 as it is.","[
    {
        ""electrolyte"": ""0.1 M KOH"",
        ""reaction_type"": ""OER"",
        ""value"": ""590 mV"",
        ""condition"": ""10 mA cm–2""
    }
]"
SKIP THE NEXT QUESTIONS,SKIP THE NEXT QUESTIONS
"Question 8. Please tell me the final modified json of """"""Co-OBA/C"""""" by reflecting the answer to question 7 in the json I provided. Only output the JSON of """"""Co-OBA/C"""""". the catalyst_name is """"""Co-OBA/C"""""". The first key of the dictionary should be """"""Co-OBA/C"""""". Remove keys from the dictionary that do not have a value. (like string not ```json)","{'Co-OBA/C': {'overpotential': {'electrolyte': '0.1 M KOH', 'reaction_type': 'OER', 'value': '590 mV', 'condition': '10 mA cm–2'}, 'tafel_slope': {'reaction_type': 'OER', 'value': '85.7 mV/decade', 'electrolyte': '0.1 M KOH'}}}"
"Question 1. Provide detailed information about all sublayers of the """"""tafel_slope"""""" of """"""Co-OBA/C"""""" in input json. Remove keys from the dictionary that do not have a value. Present it in either Python list or JSON format. If the """"""tafel_slope"""""" is not 'loading', strictly provide it in Python list or JSON format.(like string not ```python and not ```json)

","[
    {
        ""reaction_type"": ""OER"",
        ""value"": ""85.7 mV/decade"",
        ""electrolyte"": ""0.1 M KOH""
    }
]"
"Question 2. If there is any occurrence of 'NA', 'na', 'unknown', or similar content in your recent response, Respond with yes or no. You must answer strictly with yes or no.

",No
"Question 3. Based on the answer to question 2, remove any parts corresponding to 'NA', 'na', 'unknown', or similar content from the answer to question 1. Show the modified JSON. Only display the JSON. (like string not ```json)","[
    {
        ""reaction_type"": ""OER"",
        ""value"": ""85.7 mV/decade"",
        ""electrolyte"": ""0.1 M KOH""
    }
]"
SKIP THE NEXT QUESTIONS,SKIP THE NEXT QUESTIONS
"Question 4. Based on the input representation, provide values of the """"""tafel_slope"""""" of the """"""Co-OBA/C"""""" as a Python list. If there is a unit, please provide strictly the value including the unit. The elements of a Python list must be composed of value plus unit. Only output the Python list.(like string not ```python)

",['85.7 mV/decade']
"Question 5. Based on the answer to question 3, provide values of the '''value''' key of the sublayers of the """"""tafel_slope"""""" as a Python list. Only output the Python list.(like string not ```python)

",['85.7 mV/decade']
"Question 6. Based on only numerical values, provide a list of elements that exist in the answer to Question 5 but are not present in the the answer to Question 4. Note that unit differences can be ignored if the numbers match. Only output the Python list.(like string not ```python)

",[]
"Question 7. If the answer to question 6 is an empty list, just provide the answer to question 1 as it is.","[
    {
        ""reaction_type"": ""OER"",
        ""value"": ""85.7 mV/decade"",
        ""electrolyte"": ""0.1 M KOH""
    }
]"
SKIP THE NEXT QUESTIONS,SKIP THE NEXT QUESTIONS
"Question 8. Please tell me the final modified json of """"""Co-OBA/C"""""" by reflecting the answer to question 7 in the json I provided. Only output the JSON of """"""Co-OBA/C"""""". the catalyst_name is """"""Co-OBA/C"""""". The first key of the dictionary should be """"""Co-OBA/C"""""". Remove keys from the dictionary that do not have a value. (like string not ```json)","{'Co-OBA/C': {'overpotential': {'electrolyte': '0.1 M KOH', 'reaction_type': 'OER', 'value': '590 mV', 'condition': '10 mA cm–2'}, 'tafel_slope': {'reaction_type': 'OER', 'value': '85.7 mV/decade', 'electrolyte': '0.1 M KOH'}}}"
"Question 1. If there is any occurrence of 'OER', 'HER', 'oxygen evolution reaction', 'hydrogen evolution reaction' or similar contents in input representation, respond with yes or no. Please answer with either yes or no.

",Yes
"Question 2. If there is any occurrence of 'OER', 'HER', 'oxygen evolution reaction', 'hydrogen evolution reaction' or similar contents in input representation, respond with yes or no. Please answer with either yes or no.

",No
"Question 3. Does the input representation contain information corresponding to substrate? Please answer with either yes or no

",No
"Question 4. Does the input representation contain information corresponding to substrate? Please answer with either yes or no

","I'm sorry, but I cannot determine whether the input representation contains information corresponding to a substrate without additional context or details about the input representation itself."
"Question 5. Does the input representation contain information corresponding to electrolyte? Please answer with either yes or no

",Yes
"Question 6. Does the input representation contain information corresponding to electrolyte? Please answer with either yes or no

","I'm sorry, but I cannot determine whether the input representation contains information corresponding to an electrolyte without seeing the actual input representation. Could you please provide more context or details?"
